,workID,Age,Gender,subject
0,A1D8EUOJW3MX7N,30,male,A1D8EUOJW3MX7N
1,A1HG8X94R5JJIX,29,female,A1HG8X94R5JJIX
2,A1YZ0ETOCJO1B2,38,Male,A1YZ0ETOCJO1B2
3,A20OEK6BVW13NV,35,FEMALE,A20OEK6BVW13NV
4,A21YNTPZSVT4QX,25,female,A21YNTPZSVT4QX
5,A2AILDQQ4UTXD0,25,Female,A2AILDQQ4UTXD0
6,A2LKGF193ZR5JP,23,Male,A2LKGF193ZR5JP
7,A2M3FPQF852HW4,29,male,A2M3FPQF852HW4
8,A2NT3OQZUUZPEO,48,female,A2NT3OQZUUZPEO
9,A2OZN198ZV1VKK,34,male,A2OZN198ZV1VKK
10,A2V27A9GZA1NR2,41,Male,A2V27A9GZA1NR2
11,A2VIKCIM9TZL22,26,male,A2VIKCIM9TZL22
12,A2XFO0X6RCS98M,32,male,A2XFO0X6RCS98M
13,A376AZWIBALRC,25,male,A376AZWIBALRC
14,A3E3H1NCSN4DQK,35,Male,A3E3H1NCSN4DQK
15,A3MXI2O3JZ0TZH,44,female,A3MXI2O3JZ0TZH
16,A3TACK9NUMFBZA,60,male,A3TACK9NUMFBZA
17,A5NE8TWS8ZV7B,40,female,A5NE8TWS8ZV7B
18,AAGENOEV955DM,35,FEMALE,AAGENOEV955DM
19,AUZP4FPD6UTNU,48,female,AUZP4FPD6UTNU
