target,dist_0,dist_1
badlands_113.jpg,badlands_225.jpg,badlands_203.jpg
badlands_137.jpg,badlands_194.jpg,badlands_139.jpg
badlands_184.jpg,badlands_228.jpg,badlands_103.jpg
badlands_21.jpg,badlands_1.jpg,badlands_98.jpg
badlands_221.jpg,badlands_115.jpg,badlands_207.jpg
badlands_222.jpg,badlands_34.jpg,badlands_62.jpg
badlands_23.jpg,badlands_114.jpg,badlands_101.jpg
badlands_24.jpg,badlands_3.jpg,badlands_53.jpg
badlands_52.jpg,badlands_94.jpg,badlands_63.jpg
badlands_70.jpg,badlands_102.jpg,badlands_119.jpg
bridge_108.jpg,bridge_116.jpg,bridge_148.jpg
bridge_128.jpg,bridge_61.jpg,bridge_244.jpg
bridge_146.jpg,bridge_27.jpg,bridge_121.jpg
bridge_172.jpg,bridge_17.jpg,bridge_163.jpg
bridge_191.jpg,bridge_184.jpg,bridge_75.jpg
bridge_202.jpg,bridge_31.jpg,bridge_38.jpg
bridge_250.jpg,bridge_134.jpg,bridge_205.jpg
bridge_256.jpg,bridge_54.jpg,bridge_211.jpg
bridge_65.jpg,bridge_181.jpg,bridge_60.jpg
bridge_91.jpg,bridge_253.jpg,bridge_82.jpg
golf_course_15.jpg,golf_course_113.jpg,golf_course_97.jpg
golf_course_188.jpg,golf_course_157.jpg,golf_course_160.jpg
golf_course_193.jpg,golf_course_235.jpg,golf_course_123.jpg
golf_course_195.jpg,golf_course_25.jpg,golf_course_2.jpg
golf_course_214.jpg,golf_course_312.jpg,golf_course_317.jpg
golf_course_217.jpg,golf_course_35.jpg,golf_course_262.jpg
golf_course_309.jpg,golf_course_16.jpg,golf_course_209.jpg
golf_course_331.jpg,golf_course_114.jpg,golf_course_26.jpg
golf_course_78.jpg,golf_course_134.jpg,golf_course_101.jpg
golf_course_87.jpg,golf_course_130.jpg,golf_course_161.jpg
highway_156.jpg,highway_160.jpg,highway_293.jpg
highway_177.jpg,highway_87.jpg,highway_278.jpg
highway_209.jpg,highway_314.jpg,highway_122.jpg
highway_245.jpg,highway_134.jpg,highway_206.jpg
highway_273.jpg,highway_384.jpg,highway_171.jpg
highway_294.jpg,highway_203.jpg,highway_368.jpg
highway_359.jpg,highway_389.jpg,highway_379.jpg
highway_394.jpg,highway_204.jpg,highway_406.jpg
highway_415.jpg,highway_60.jpg,highway_174.jpg
highway_93.jpg,highway_85.jpg,highway_369.jpg
mountain_101.jpg,mountain_171.jpg,mountain_221.jpg
mountain_110.jpg,mountain_157.jpg,mountain_223.jpg
mountain_123.jpg,mountain_94.jpg,mountain_189.jpg
mountain_154.jpg,mountain_131.jpg,mountain_95.jpg
mountain_156.jpg,mountain_128.jpg,mountain_295.jpg
mountain_222.jpg,mountain_244.jpg,mountain_93.jpg
mountain_230.jpg,mountain_184.jpg,mountain_97.jpg
mountain_232.jpg,mountain_3.jpg,mountain_54.jpg
mountain_293.jpg,mountain_72.jpg,mountain_47.jpg
mountain_57.jpg,mountain_193.jpg,mountain_138.jpg
playground_10.jpg,playground_122.jpg,playground_12.jpg
playground_117.jpg,playground_167.jpg,playground_127.jpg
playground_131.jpg,playground_43.jpg,playground_164.jpg
playground_144.jpg,playground_137.jpg,playground_65.jpg
playground_145.jpg,playground_229.jpg,playground_242.jpg
playground_219.jpg,playground_21.jpg,playground_205.jpg
playground_240.jpg,playground_2.jpg,playground_40.jpg
playground_257.jpg,playground_214.jpg,playground_215.jpg
playground_60.jpg,playground_268.jpg,playground_244.jpg
playground_76.jpg,playground_22.jpg,playground_72.jpg